Item,Reference(s),Quantity,Manufacturer,Manufacturer Part Number,Vendor,Vendor Part Number,Description,Package
1,C1,1,Würth Elektronik,865080545012,Digi-Key,732-8511-1-ND,CAP ALUM 100UF 20% 35V,
2,C2 C3,2,Samsung Electro-Mechanics,CL05A105KL5NRNC,Digi-Key,1276-6796-1-ND,CAP CER 1UF 35V X5R,0402
3,C4 C5,2,Yageo,CC0402ZRY5V8BB104,Digi-Key,311-1375-1-ND,CAP CER 0.1UF 25V Y5V,0402
4,D1,1,Nexperia USA Inc.,PMEG45U10EPDAZ,Digi-Key,1727-7645-1-ND,DIODE SCHOTTKY 45V 10A,CFP15
5,D2,1,Littelfuse Inc.,SZ1SMB28AT3G,Digi-Key,F11558CT-ND,TVS DIODE 28VWM 45.4VC,SMB
6,P1,1,3M,N3793-6302RB,Digi-Key,MHS10N-ND,CONN HEADER VERT 10POS 2.54MM,
7,R1 R2,2,Stackpole Electronics Inc,RMCF0402FT100R,Digi-Key,RMCF0402FT100RCT-ND,RES 100 OHM 1% 1/16W,0402
8,REG1,1,Richtek USA Inc.,RT9058-33GV,Digi-Key,1028-1253-1-ND,,SOT-23-3
9,SS1,16,Mill-Max Manufacturing Corp.,0305-0-15-15-47-27-10-0,Digi-Key,ED90331-ND,CONN PIN RCPT .025-.037 SOLDER,
10,T1,1,TE Connectivity AMP Connectors,282834-4,Digi-Key,A98335-ND,TERM BLOCK 4POS SIDE ENT 2.54MM,
11,T2,1,Phoenix Contact,1988956,Digi-Key,277-1779-ND,,
12,T3 T4,2,TE Connectivity AMP Connectors,282834-2,Digi-Key,A98333-ND,TERM BLOCK 2POS SIDE ENT 2.54MM,
13,U1,1,Texas Instruments,SN65LVDM050QDRQ1,Digi-Key,296-15386-1-ND,IC TRANSCEIVER FULL 2/2,16-SOIC
14,U2,1,Maxim Integrated,MAX6817EUT+T,Mouser,MAX6817EUT+T,IC DEBOUNCER SWITCH DUAL,SOT-23-6
,FID1 FID2 FID3 FID4 MH1 MH2 MH3 MH4,8,,,,,,
